



Insert into DATACOMERCIANTE.DEPARTAMENTO (DEPARTAMENTO_ID,NOMBRE_DEPARTAMENTO,CREATED_AT,UPDATED_AT,USUARIO) values ('2','Departamento FNLWI',to_date('20/01/25','DD/MM/RR'),to_date('20/01/25','DD/MM/RR'),'DATACOMERCIANTE');
Insert into DATACOMERCIANTE.DEPARTAMENTO (DEPARTAMENTO_ID,NOMBRE_DEPARTAMENTO,CREATED_AT,UPDATED_AT,USUARIO) values ('3','Departamento VXKSF',to_date('20/01/25','DD/MM/RR'),to_date('20/01/25','DD/MM/RR'),'DATACOMERCIANTE');
Insert into DATACOMERCIANTE.DEPARTAMENTO (DEPARTAMENTO_ID,NOMBRE_DEPARTAMENTO,CREATED_AT,UPDATED_AT,USUARIO) values ('4','Departamento EHQTH',to_date('20/01/25','DD/MM/RR'),to_date('20/01/25','DD/MM/RR'),'DATACOMERCIANTE');
Insert into DATACOMERCIANTE.DEPARTAMENTO (DEPARTAMENTO_ID,NOMBRE_DEPARTAMENTO,CREATED_AT,UPDATED_AT,USUARIO) values ('5','Departamento LHZNW',to_date('20/01/25','DD/MM/RR'),to_date('20/01/25','DD/MM/RR'),'DATACOMERCIANTE');
Insert into DATACOMERCIANTE.DEPARTAMENTO (DEPARTAMENTO_ID,NOMBRE_DEPARTAMENTO,CREATED_AT,UPDATED_AT,USUARIO) values ('6','Departamento MTEMM',to_date('20/01/25','DD/MM/RR'),to_date('20/01/25','DD/MM/RR'),'DATACOMERCIANTE');
Insert into DATACOMERCIANTE.DEPARTAMENTO (DEPARTAMENTO_ID,NOMBRE_DEPARTAMENTO,CREATED_AT,UPDATED_AT,USUARIO) values ('7','Departamento FJTPM',to_date('20/01/25','DD/MM/RR'),to_date('20/01/25','DD/MM/RR'),'DATACOMERCIANTE');
Insert into DATACOMERCIANTE.DEPARTAMENTO (DEPARTAMENTO_ID,NOMBRE_DEPARTAMENTO,CREATED_AT,UPDATED_AT,USUARIO) values ('8','Departamento CVPYQ',to_date('20/01/25','DD/MM/RR'),to_date('20/01/25','DD/MM/RR'),'DATACOMERCIANTE');
Insert into DATACOMERCIANTE.DEPARTAMENTO (DEPARTAMENTO_ID,NOMBRE_DEPARTAMENTO,CREATED_AT,UPDATED_AT,USUARIO) values ('9','Departamento BOZMA',to_date('20/01/25','DD/MM/RR'),to_date('20/01/25','DD/MM/RR'),'DATACOMERCIANTE');
Insert into DATACOMERCIANTE.DEPARTAMENTO (DEPARTAMENTO_ID,NOMBRE_DEPARTAMENTO,CREATED_AT,UPDATED_AT,USUARIO) values ('10','Departamento YVIWC',to_date('20/01/25','DD/MM/RR'),to_date('20/01/25','DD/MM/RR'),'DATACOMERCIANTE');
Insert into DATACOMERCIANTE.DEPARTAMENTO (DEPARTAMENTO_ID,NOMBRE_DEPARTAMENTO,CREATED_AT,UPDATED_AT,USUARIO) values ('11','Departamento NFTNW',to_date('20/01/25','DD/MM/RR'),to_date('20/01/25','DD/MM/RR'),'DATACOMERCIANTE');



Insert into DATACOMERCIANTE.MUNICIPIO (MUNICIPIO_ID,DEPARTAMENTO_ID,NOMBRE_MUNICIPIO,CREATED_AT,UPDATED_AT,USUARIO) values ('24','4','Municipio BBLUI',to_date('20/01/25','DD/MM/RR'),to_date('20/01/25','DD/MM/RR'),'DATACOMERCIANTE');
Insert into DATACOMERCIANTE.MUNICIPIO (MUNICIPIO_ID,DEPARTAMENTO_ID,NOMBRE_MUNICIPIO,CREATED_AT,UPDATED_AT,USUARIO) values ('25','3','Municipio XEUAX',to_date('20/01/25','DD/MM/RR'),to_date('20/01/25','DD/MM/RR'),'DATACOMERCIANTE');
Insert into DATACOMERCIANTE.MUNICIPIO (MUNICIPIO_ID,DEPARTAMENTO_ID,NOMBRE_MUNICIPIO,CREATED_AT,UPDATED_AT,USUARIO) values ('26','2','Municipio OZLUW',to_date('20/01/25','DD/MM/RR'),to_date('20/01/25','DD/MM/RR'),'DATACOMERCIANTE');
Insert into DATACOMERCIANTE.MUNICIPIO (MUNICIPIO_ID,DEPARTAMENTO_ID,NOMBRE_MUNICIPIO,CREATED_AT,UPDATED_AT,USUARIO) values ('27','4','Municipio MYMRJ',to_date('20/01/25','DD/MM/RR'),to_date('20/01/25','DD/MM/RR'),'DATACOMERCIANTE');
Insert into DATACOMERCIANTE.MUNICIPIO (MUNICIPIO_ID,DEPARTAMENTO_ID,NOMBRE_MUNICIPIO,CREATED_AT,UPDATED_AT,USUARIO) values ('28','6','Municipio UUEYO',to_date('20/01/25','DD/MM/RR'),to_date('20/01/25','DD/MM/RR'),'DATACOMERCIANTE');
Insert into DATACOMERCIANTE.MUNICIPIO (MUNICIPIO_ID,DEPARTAMENTO_ID,NOMBRE_MUNICIPIO,CREATED_AT,UPDATED_AT,USUARIO) values ('29','4','Municipio FBROY',to_date('20/01/25','DD/MM/RR'),to_date('20/01/25','DD/MM/RR'),'DATACOMERCIANTE');
Insert into DATACOMERCIANTE.MUNICIPIO (MUNICIPIO_ID,DEPARTAMENTO_ID,NOMBRE_MUNICIPIO,CREATED_AT,UPDATED_AT,USUARIO) values ('30','4','Municipio XMDOW',to_date('20/01/25','DD/MM/RR'),to_date('20/01/25','DD/MM/RR'),'DATACOMERCIANTE');
Insert into DATACOMERCIANTE.MUNICIPIO (MUNICIPIO_ID,DEPARTAMENTO_ID,NOMBRE_MUNICIPIO,CREATED_AT,UPDATED_AT,USUARIO) values ('31','7','Municipio RMZKQ',to_date('20/01/25','DD/MM/RR'),to_date('20/01/25','DD/MM/RR'),'DATACOMERCIANTE');
Insert into DATACOMERCIANTE.MUNICIPIO (MUNICIPIO_ID,DEPARTAMENTO_ID,NOMBRE_MUNICIPIO,CREATED_AT,UPDATED_AT,USUARIO) values ('32','2','Municipio KBSHX',to_date('20/01/25','DD/MM/RR'),to_date('20/01/25','DD/MM/RR'),'DATACOMERCIANTE');
Insert into DATACOMERCIANTE.MUNICIPIO (MUNICIPIO_ID,DEPARTAMENTO_ID,NOMBRE_MUNICIPIO,CREATED_AT,UPDATED_AT,USUARIO) values ('33','9','Municipio AWWPS',to_date('20/01/25','DD/MM/RR'),to_date('20/01/25','DD/MM/RR'),'DATACOMERCIANTE');
--------------------------------------------------------


Insert into DATACOMERCIANTE.COMERCIANTE (COMERCIANTE_ID,MUNICIPIO_ID,NOMBRE,TELEFONO,FECHA_REGISTRO,ESTADO,UPDATE_AT,USUARIO) values ('60','28','Comerciante FMLIL',',2191413950659101692575241728567114621',to_date('09/05/24','DD/MM/RR'),'Activo',to_date('20/01/25','DD/MM/RR'),'DATACOMERCIANTE');
Insert into DATACOMERCIANTE.COMERCIANTE (COMERCIANTE_ID,MUNICIPIO_ID,NOMBRE,TELEFONO,FECHA_REGISTRO,ESTADO,UPDATE_AT,USUARIO) values ('61','25','Comerciante AJIAA','4,8970206110068407532919133264494530951',to_date('13/11/24','DD/MM/RR'),'Activo',to_date('20/01/25','DD/MM/RR'),'DATACOMERCIANTE');
Insert into DATACOMERCIANTE.COMERCIANTE (COMERCIANTE_ID,MUNICIPIO_ID,NOMBRE,TELEFONO,FECHA_REGISTRO,ESTADO,UPDATE_AT,USUARIO) values ('62','29','Comerciante IJYEP','2,5375914024242069120072645605276968981',to_date('11/07/24','DD/MM/RR'),'Inactivo',to_date('20/01/25','DD/MM/RR'),'DATACOMERCIANTE');
Insert into DATACOMERCIANTE.COMERCIANTE (COMERCIANTE_ID,MUNICIPIO_ID,NOMBRE,TELEFONO,FECHA_REGISTRO,ESTADO,UPDATE_AT,USUARIO) values ('63','30','Comerciante VJZOB','2,8551758637111616064088838227461480642',to_date('12/07/24','DD/MM/RR'),'Inactivo',to_date('20/01/25','DD/MM/RR'),'DATACOMERCIANTE');
Insert into DATACOMERCIANTE.COMERCIANTE (COMERCIANTE_ID,MUNICIPIO_ID,NOMBRE,TELEFONO,FECHA_REGISTRO,ESTADO,UPDATE_AT,USUARIO) values ('64','31','Comerciante IDZTK','3,31119521704631002565452712381182138475',to_date('12/02/24','DD/MM/RR'),'Activo',to_date('20/01/25','DD/MM/RR'),'DATACOMERCIANTE');
Insert into DATACOMERCIANTE.COMERCIANTE (COMERCIANTE_ID,MUNICIPIO_ID,NOMBRE,TELEFONO,FECHA_REGISTRO,ESTADO,UPDATE_AT,USUARIO) values ('65','31','Comerciante DSSVJ',',89692266845144665641246703051265347895',to_date('08/12/24','DD/MM/RR'),'Inactivo',to_date('20/01/25','DD/MM/RR'),'DATACOMERCIANTE');
Insert into DATACOMERCIANTE.COMERCIANTE (COMERCIANTE_ID,MUNICIPIO_ID,NOMBRE,TELEFONO,FECHA_REGISTRO,ESTADO,UPDATE_AT,USUARIO) values ('66','24','Comerciante UBBYR','2,54873293759390049413636745834444553325',to_date('18/02/24','DD/MM/RR'),'Inactivo',to_date('20/01/25','DD/MM/RR'),'DATACOMERCIANTE');
Insert into DATACOMERCIANTE.COMERCIANTE (COMERCIANTE_ID,MUNICIPIO_ID,NOMBRE,TELEFONO,FECHA_REGISTRO,ESTADO,UPDATE_AT,USUARIO) values ('67','27','Comerciante DYLFG','1,11475627111787716590167362933161294515',to_date('09/03/24','DD/MM/RR'),'Activo',to_date('20/01/25','DD/MM/RR'),'DATACOMERCIANTE');
Insert into DATACOMERCIANTE.COMERCIANTE (COMERCIANTE_ID,MUNICIPIO_ID,NOMBRE,TELEFONO,FECHA_REGISTRO,ESTADO,UPDATE_AT,USUARIO) values ('68','25','Comerciante EUUES','4,92924264006207243185232162342364893415',to_date('20/03/24','DD/MM/RR'),'Activo',to_date('20/01/25','DD/MM/RR'),'DATACOMERCIANTE');
Insert into DATACOMERCIANTE.COMERCIANTE (COMERCIANTE_ID,MUNICIPIO_ID,NOMBRE,TELEFONO,FECHA_REGISTRO,ESTADO,UPDATE_AT,USUARIO) values ('69','31','Comerciante JYFMC','2,7850958891698471306591697293979481687',to_date('26/10/24','DD/MM/RR'),'Inactivo',to_date('20/01/25','DD/MM/RR'),'DATACOMERCIANTE');



Insert into DATACOMERCIANTE.ESTABLECIMIENTO (ESTABLECIMIENTO_ID,COMERCIANTE_ID,MUNICIPIO_ID,NOMBRE_ESTABLE,ATTRIBUTE_24,INGRESOS,NUMERO_EMPLEADOS,UPDATE_AT,USUARIO) values ('33','66','29','Establecimiento AESTN',to_date('06/12/24','DD/MM/RR'),'26213,29','156',to_date('20/01/25','DD/MM/RR'),'DATACOMERCIANTE');
Insert into DATACOMERCIANTE.ESTABLECIMIENTO (ESTABLECIMIENTO_ID,COMERCIANTE_ID,MUNICIPIO_ID,NOMBRE_ESTABLE,ATTRIBUTE_24,INGRESOS,NUMERO_EMPLEADOS,UPDATE_AT,USUARIO) values ('34','64','30','Establecimiento XTDIB',to_date('04/05/24','DD/MM/RR'),'36498,05','81',to_date('20/01/25','DD/MM/RR'),'DATACOMERCIANTE');
Insert into DATACOMERCIANTE.ESTABLECIMIENTO (ESTABLECIMIENTO_ID,COMERCIANTE_ID,MUNICIPIO_ID,NOMBRE_ESTABLE,ATTRIBUTE_24,INGRESOS,NUMERO_EMPLEADOS,UPDATE_AT,USUARIO) values ('35','61','25','Establecimiento QOBDL',to_date('08/10/24','DD/MM/RR'),'16740,89','125',to_date('20/01/25','DD/MM/RR'),'DATACOMERCIANTE');
Insert into DATACOMERCIANTE.ESTABLECIMIENTO (ESTABLECIMIENTO_ID,COMERCIANTE_ID,MUNICIPIO_ID,NOMBRE_ESTABLE,ATTRIBUTE_24,INGRESOS,NUMERO_EMPLEADOS,UPDATE_AT,USUARIO) values ('36','62','30','Establecimiento PINRK',to_date('30/12/24','DD/MM/RR'),'27296,92','25',to_date('20/01/25','DD/MM/RR'),'DATACOMERCIANTE');
Insert into DATACOMERCIANTE.ESTABLECIMIENTO (ESTABLECIMIENTO_ID,COMERCIANTE_ID,MUNICIPIO_ID,NOMBRE_ESTABLE,ATTRIBUTE_24,INGRESOS,NUMERO_EMPLEADOS,UPDATE_AT,USUARIO) values ('37','67','29','Establecimiento HDJHG',to_date('27/02/24','DD/MM/RR'),'7994,43','171',to_date('20/01/25','DD/MM/RR'),'DATACOMERCIANTE');
Insert into DATACOMERCIANTE.ESTABLECIMIENTO (ESTABLECIMIENTO_ID,COMERCIANTE_ID,MUNICIPIO_ID,NOMBRE_ESTABLE,ATTRIBUTE_24,INGRESOS,NUMERO_EMPLEADOS,UPDATE_AT,USUARIO) values ('38','60','27','Establecimiento LITHJ',to_date('05/06/24','DD/MM/RR'),'10115,99','110',to_date('20/01/25','DD/MM/RR'),'DATACOMERCIANTE');
Insert into DATACOMERCIANTE.ESTABLECIMIENTO (ESTABLECIMIENTO_ID,COMERCIANTE_ID,MUNICIPIO_ID,NOMBRE_ESTABLE,ATTRIBUTE_24,INGRESOS,NUMERO_EMPLEADOS,UPDATE_AT,USUARIO) values ('39','68','25','Establecimiento XPUCO',to_date('23/08/24','DD/MM/RR'),'44270,18','176',to_date('20/01/25','DD/MM/RR'),'DATACOMERCIANTE');
Insert into DATACOMERCIANTE.ESTABLECIMIENTO (ESTABLECIMIENTO_ID,COMERCIANTE_ID,MUNICIPIO_ID,NOMBRE_ESTABLE,ATTRIBUTE_24,INGRESOS,NUMERO_EMPLEADOS,UPDATE_AT,USUARIO) values ('40','67','27','Establecimiento KZLVR',to_date('21/12/24','DD/MM/RR'),'2366,8','7',to_date('20/01/25','DD/MM/RR'),'DATACOMERCIANTE');
Insert into DATACOMERCIANTE.ESTABLECIMIENTO (ESTABLECIMIENTO_ID,COMERCIANTE_ID,MUNICIPIO_ID,NOMBRE_ESTABLE,ATTRIBUTE_24,INGRESOS,NUMERO_EMPLEADOS,UPDATE_AT,USUARIO) values ('41','66','26','Establecimiento CBLXP',to_date('15/04/24','DD/MM/RR'),'16541,18','198',to_date('20/01/25','DD/MM/RR'),'DATACOMERCIANTE');
Insert into DATACOMERCIANTE.ESTABLECIMIENTO (ESTABLECIMIENTO_ID,COMERCIANTE_ID,MUNICIPIO_ID,NOMBRE_ESTABLE,ATTRIBUTE_24,INGRESOS,NUMERO_EMPLEADOS,UPDATE_AT,USUARIO) values ('42','66','25','Establecimiento BPNRB',to_date('26/04/24','DD/MM/RR'),'18538,22','93',to_date('20/01/25','DD/MM/RR'),'DATACOMERCIANTE');
Insert into DATACOMERCIANTE.ESTABLECIMIENTO (ESTABLECIMIENTO_ID,COMERCIANTE_ID,MUNICIPIO_ID,NOMBRE_ESTABLE,ATTRIBUTE_24,INGRESOS,NUMERO_EMPLEADOS,UPDATE_AT,USUARIO) values ('43','66','26','Establecimiento RZYPU',to_date('03/05/24','DD/MM/RR'),'16192,42','151',to_date('20/01/25','DD/MM/RR'),'DATACOMERCIANTE');
Insert into DATACOMERCIANTE.ESTABLECIMIENTO (ESTABLECIMIENTO_ID,COMERCIANTE_ID,MUNICIPIO_ID,NOMBRE_ESTABLE,ATTRIBUTE_24,INGRESOS,NUMERO_EMPLEADOS,UPDATE_AT,USUARIO) values ('44','61','27','Establecimiento GCQWO',to_date('24/06/24','DD/MM/RR'),'46691,96','196',to_date('20/01/25','DD/MM/RR'),'DATACOMERCIANTE');
Insert into DATACOMERCIANTE.ESTABLECIMIENTO (ESTABLECIMIENTO_ID,COMERCIANTE_ID,MUNICIPIO_ID,NOMBRE_ESTABLE,ATTRIBUTE_24,INGRESOS,NUMERO_EMPLEADOS,UPDATE_AT,USUARIO) values ('45','68','27','Establecimiento BZZWB',to_date('17/12/24','DD/MM/RR'),'7939,92','119',to_date('20/01/25','DD/MM/RR'),'DATACOMERCIANTE');
Insert into DATACOMERCIANTE.ESTABLECIMIENTO (ESTABLECIMIENTO_ID,COMERCIANTE_ID,MUNICIPIO_ID,NOMBRE_ESTABLE,ATTRIBUTE_24,INGRESOS,NUMERO_EMPLEADOS,UPDATE_AT,USUARIO) values ('46','64','25','Establecimiento DPOQK',to_date('01/10/24','DD/MM/RR'),'34797,97','180',to_date('20/01/25','DD/MM/RR'),'DATACOMERCIANTE');
Insert into DATACOMERCIANTE.ESTABLECIMIENTO (ESTABLECIMIENTO_ID,COMERCIANTE_ID,MUNICIPIO_ID,NOMBRE_ESTABLE,ATTRIBUTE_24,INGRESOS,NUMERO_EMPLEADOS,UPDATE_AT,USUARIO) values ('47','61','30','Establecimiento BJTTG',to_date('18/02/24','DD/MM/RR'),'19524,08','2',to_date('20/01/25','DD/MM/RR'),'DATACOMERCIANTE');
Insert into DATACOMERCIANTE.ESTABLECIMIENTO (ESTABLECIMIENTO_ID,COMERCIANTE_ID,MUNICIPIO_ID,NOMBRE_ESTABLE,ATTRIBUTE_24,INGRESOS,NUMERO_EMPLEADOS,UPDATE_AT,USUARIO) values ('48','65','24','Establecimiento TCPTW',to_date('06/01/25','DD/MM/RR'),'6457,97','52',to_date('20/01/25','DD/MM/RR'),'DATACOMERCIANTE');
Insert into DATACOMERCIANTE.ESTABLECIMIENTO (ESTABLECIMIENTO_ID,COMERCIANTE_ID,MUNICIPIO_ID,NOMBRE_ESTABLE,ATTRIBUTE_24,INGRESOS,NUMERO_EMPLEADOS,UPDATE_AT,USUARIO) values ('49','65','25','Establecimiento TFYFS',to_date('09/05/24','DD/MM/RR'),'19556,78','38',to_date('20/01/25','DD/MM/RR'),'DATACOMERCIANTE');
Insert into DATACOMERCIANTE.ESTABLECIMIENTO (ESTABLECIMIENTO_ID,COMERCIANTE_ID,MUNICIPIO_ID,NOMBRE_ESTABLE,ATTRIBUTE_24,INGRESOS,NUMERO_EMPLEADOS,UPDATE_AT,USUARIO) values ('50','66','24','Establecimiento KLZHF',to_date('04/04/24','DD/MM/RR'),'34149,61','169',to_date('20/01/25','DD/MM/RR'),'DATACOMERCIANTE');
Insert into DATACOMERCIANTE.ESTABLECIMIENTO (ESTABLECIMIENTO_ID,COMERCIANTE_ID,MUNICIPIO_ID,NOMBRE_ESTABLE,ATTRIBUTE_24,INGRESOS,NUMERO_EMPLEADOS,UPDATE_AT,USUARIO) values ('51','63','31','Establecimiento DDFRC',to_date('01/03/24','DD/MM/RR'),'13540,41','90',to_date('20/01/25','DD/MM/RR'),'DATACOMERCIANTE');
Insert into DATACOMERCIANTE.ESTABLECIMIENTO (ESTABLECIMIENTO_ID,COMERCIANTE_ID,MUNICIPIO_ID,NOMBRE_ESTABLE,ATTRIBUTE_24,INGRESOS,NUMERO_EMPLEADOS,UPDATE_AT,USUARIO) values ('52','67','29','Establecimiento CNSUJ',to_date('23/04/24','DD/MM/RR'),'34672,8','60',to_date('20/01/25','DD/MM/RR'),'DATACOMERCIANTE');
Insert into DATACOMERCIANTE.ESTABLECIMIENTO (ESTABLECIMIENTO_ID,COMERCIANTE_ID,MUNICIPIO_ID,NOMBRE_ESTABLE,ATTRIBUTE_24,INGRESOS,NUMERO_EMPLEADOS,UPDATE_AT,USUARIO) values ('53','67','24','Establecimiento ONIUO',to_date('01/12/24','DD/MM/RR'),'33939,86','75',to_date('20/01/25','DD/MM/RR'),'DATACOMERCIANTE');
Insert into DATACOMERCIANTE.ESTABLECIMIENTO (ESTABLECIMIENTO_ID,COMERCIANTE_ID,MUNICIPIO_ID,NOMBRE_ESTABLE,ATTRIBUTE_24,INGRESOS,NUMERO_EMPLEADOS,UPDATE_AT,USUARIO) values ('54','65','24','Establecimiento JUJCG',to_date('24/07/24','DD/MM/RR'),'31795,46','62',to_date('20/01/25','DD/MM/RR'),'DATACOMERCIANTE');
Insert into DATACOMERCIANTE.ESTABLECIMIENTO (ESTABLECIMIENTO_ID,COMERCIANTE_ID,MUNICIPIO_ID,NOMBRE_ESTABLE,ATTRIBUTE_24,INGRESOS,NUMERO_EMPLEADOS,UPDATE_AT,USUARIO) values ('55','64','32','Establecimiento ZUYEK',to_date('16/11/24','DD/MM/RR'),'13405,17','7',to_date('20/01/25','DD/MM/RR'),'DATACOMERCIANTE');
Insert into DATACOMERCIANTE.ESTABLECIMIENTO (ESTABLECIMIENTO_ID,COMERCIANTE_ID,MUNICIPIO_ID,NOMBRE_ESTABLE,ATTRIBUTE_24,INGRESOS,NUMERO_EMPLEADOS,UPDATE_AT,USUARIO) values ('56','67','24','Establecimiento VBBUS',to_date('30/07/24','DD/MM/RR'),'41693,71','94',to_date('20/01/25','DD/MM/RR'),'DATACOMERCIANTE');
Insert into DATACOMERCIANTE.ESTABLECIMIENTO (ESTABLECIMIENTO_ID,COMERCIANTE_ID,MUNICIPIO_ID,NOMBRE_ESTABLE,ATTRIBUTE_24,INGRESOS,NUMERO_EMPLEADOS,UPDATE_AT,USUARIO) values ('57','62','24','Establecimiento BRECC',to_date('07/08/24','DD/MM/RR'),'12912,01','71',to_date('20/01/25','DD/MM/RR'),'DATACOMERCIANTE');
Insert into DATACOMERCIANTE.ESTABLECIMIENTO (ESTABLECIMIENTO_ID,COMERCIANTE_ID,MUNICIPIO_ID,NOMBRE_ESTABLE,ATTRIBUTE_24,INGRESOS,NUMERO_EMPLEADOS,UPDATE_AT,USUARIO) values ('58','67','25','Establecimiento NMJTC',to_date('31/07/24','DD/MM/RR'),'42955,84','76',to_date('20/01/25','DD/MM/RR'),'DATACOMERCIANTE');
Insert into DATACOMERCIANTE.ESTABLECIMIENTO (ESTABLECIMIENTO_ID,COMERCIANTE_ID,MUNICIPIO_ID,NOMBRE_ESTABLE,ATTRIBUTE_24,INGRESOS,NUMERO_EMPLEADOS,UPDATE_AT,USUARIO) values ('59','68','30','Establecimiento GISLV',to_date('12/12/24','DD/MM/RR'),'49884,48','2',to_date('20/01/25','DD/MM/RR'),'DATACOMERCIANTE');
Insert into DATACOMERCIANTE.ESTABLECIMIENTO (ESTABLECIMIENTO_ID,COMERCIANTE_ID,MUNICIPIO_ID,NOMBRE_ESTABLE,ATTRIBUTE_24,INGRESOS,NUMERO_EMPLEADOS,UPDATE_AT,USUARIO) values ('60','66','29','Establecimiento PJYNO',to_date('14/02/24','DD/MM/RR'),'36727,09','114',to_date('20/01/25','DD/MM/RR'),'DATACOMERCIANTE');
Insert into DATACOMERCIANTE.ESTABLECIMIENTO (ESTABLECIMIENTO_ID,COMERCIANTE_ID,MUNICIPIO_ID,NOMBRE_ESTABLE,ATTRIBUTE_24,INGRESOS,NUMERO_EMPLEADOS,UPDATE_AT,USUARIO) values ('61','62','24','Establecimiento EMRKU',to_date('11/02/24','DD/MM/RR'),'44286,04','178',to_date('20/01/25','DD/MM/RR'),'DATACOMERCIANTE');
Insert into DATACOMERCIANTE.ESTABLECIMIENTO (ESTABLECIMIENTO_ID,COMERCIANTE_ID,MUNICIPIO_ID,NOMBRE_ESTABLE,ATTRIBUTE_24,INGRESOS,NUMERO_EMPLEADOS,UPDATE_AT,USUARIO) values ('62','65','31','Establecimiento BLTXP',to_date('18/09/24','DD/MM/RR'),'29570,67','188',to_date('20/01/25','DD/MM/RR'),'DATACOMERCIANTE');
